Control_ct,Control_hsat3,Control_hsat1,Control_mon,Control_hsat2,Control_dhor,Control_hsat5,Control_hsat4,Control_gsat,H3K9me3_ct,H3K9me3_hsat3,H3K9me3_hsat1,H3K9me3_mon,H3K9me3_hsat2,H3K9me3_dhor,H3K9me3_hsat5,H3K9me3_hsat4,H3K9me3_gsat
0.31253122294634716,0.33906832987992486,0.358558706408737,0.3327079529292264,0.30032622846564466,0.0,0.3571327660770164,0.26526570421749285,0.20504476710269368,0.3322434419535532,0.49966977704994353,0.43486342594590865,0.426163793637209,0.3449194129272253,0.0,0.4294887735345419,0.3910363479287047,0.20207538649491927
0.3042956071211231,0.36400388383269894,0.35663939693780083,0.34310587365000206,0.2768113872700729,0.0,0.339116435573092,0.2773082262699359,0.19659957491024418,0.2805130958684822,0.5627922296836285,0.4359123892300927,0.4589190717831476,0.290124325358381,0.0,0.4162618959228731,0.3850353543337884,0.22343272690262847
0.31828106873597223,0.3425562192362888,0.3663453752464514,0.3485228612106768,0.3113067199934547,0.0,0.29064348224069564,0.27161426707253067,0.16052553924886495,0.2778958220662486,0.5461931891957758,0.3949686890483433,0.44210315421243673,0.38296827823693586,0.0,0.502618722137657,0.47410468934946454,0.20897437719877734
0.3194687409454019,0.37584329954904344,0.33806947431465967,0.3288456144032362,0.18634782538216618,0.0,0.3625215049998361,0.2283385694987385,0.20890197208848416,0.29389780208762106,0.5566092275729213,0.38310348618973805,0.4174301192167916,0.21401733385484184,0.0,0.4734558364508949,0.37095198136570556,0.230224689765195
0.30063989578847666,0.3773803736446548,0.3610305777918999,0.3510390036719422,0.18508968534763687,0.0,0.30114559149761294,0.24351503430537635,0.15640950328780087,0.2928299796591908,0.5624571922350508,0.34450124978300506,0.46366254974126053,0.21329662249397063,0.0,0.4719910532369692,0.46160779059830565,0.1580445115588769
0.30190458926600955,0.3736823978254482,0.3562304793064113,0.331108581944873,0.23253270896658207,0.0,0.28933920807583763,0.3071700890238604,0.16385475341097142,0.3056621323710568,0.5243305513626016,0.3450826733386141,0.46077156440977385,0.27304457681531635,0.0,0.422890544386722,0.5364296849305882,0.15122283959108915
0.2939252688378067,0.3654039072262689,0.4407064951675165,0.3375079927787688,0.2784487029808233,0.0,0.32694863279956565,0.3083129761550243,0.181464231739875,0.3572127379489412,0.5698709782998893,0.41694820458733345,0.46446693896338426,0.39122329772704834,0.0,0.40884021587687136,0.4985221974227706,0.23559441188634325
0.29195208539383216,0.34880569095750796,0.49204874509241303,0.3342906409141678,0.3111941872005061,0.0,0.2714700760283473,0.3317499574400559,0.13801140157747208,0.3416352082052097,0.5626688604997165,0.4048559466515329,0.42188530087314147,0.41755472701781454,0.0,0.39671630631121,0.5221910469392196,0.2040850346476234
0.2877946937716606,0.3859578126296199,0.39560129474072725,0.3253549956409968,0.26322430252154877,0.0,0.2892912265182933,0.3693382179595462,0.11619989638980953,0.3219643930289777,0.626625495650735,0.3819345419697535,0.41668719017535677,0.3379677224692736,0.0,0.3960446659496236,0.5611620977048787,0.17808396385473843
0.3071920755529644,0.3962919124878716,0.3558093109065529,0.2998138802717175,0.2786716480698858,0.0,0.3024279155806635,0.3526657856093476,0.11769449829353051,0.34197302063120993,0.61887342921433,0.33436401742829086,0.38530805529785117,0.328178641651523,0.0,0.42141588605512736,0.49277139445444823,0.14237300783946302
0.29979852087862324,0.4242473154390278,0.3573392567099433,0.29930559067844176,0.3041749189493854,0.0,0.22914646927402527,0.3513827997728555,0.21366693828324884,0.30868533960028616,0.6434648809757528,0.32617407278485144,0.39107188466899473,0.34633308168241234,0.0,0.38899998225878835,0.5319410449591306,0.21655335880074494
0.2841778421760579,0.49578988333061363,0.35457674503756303,0.3327177022079075,0.29443766490153905,0.257393185848916,0.2973435325456147,0.37385429792552494,0.1622376526520066,0.27839288864387174,0.7333823012439712,0.3023765955953404,0.4535127823520421,0.29817053319330866,0.2575849484806296,0.3464737800096498,0.5195202713548168,0.1445801625957583
0.3040062111251877,0.4774406036930528,0.3383922194883467,0.3420115425424919,0.2868943759977415,0.49917411258032246,0.2930712587396828,0.2992753461231034,0.23003931254595908,0.28626292389379776,0.731215313878039,0.3415815606504103,0.47854614121630557,0.33547426561478644,0.5529088525715015,0.44183582611351524,0.43905318209290695,0.19126770305858135
0.3205191920513584,0.4596604113792766,0.3456415960065079,0.3274200443442497,0.32645599626387234,0.40998087647725734,0.30730422482276376,0.31614795923329364,0.2355284314164934,0.3083962692216273,0.7818901104669439,0.28331847732024357,0.4221776126373688,0.36060704433662827,0.46058348013725214,0.4786557096409029,0.4226113105703369,0.23101543771795888
0.3008944923422154,0.41167348289872624,0.3146219029261063,0.32534653073783504,0.28538625913161036,0.39999625364463376,0.2856562228588185,0.27406572408936397,0.24416083003298306,0.2752230989658396,0.7209105280168047,0.25913878933944695,0.4090672469081598,0.350584997915276,0.4678926558045118,0.3191117873927066,0.41570333005657306,0.25928398147465936
0.3207879301552197,0.4349124922215027,0.35749180786939866,0.3290637770609926,0.3241026292393372,0.5083901353623622,0.3252843416233593,0.22297849460899516,0.20459579031214223,0.3091078338056878,0.7416231729664544,0.32839669109476677,0.40165490547026583,0.4192620930196986,0.40383304452412183,0.41326918070344965,0.3613053222850358,0.21548607491390484
0.2874447046696066,0.3130481919494687,0.34533559495298466,0.3304617153484869,0.3519011741808967,1.3206082610998686,0.3047636798335777,0.3749276885863365,0.17968743362026773,0.26805407309351914,0.5552806453716832,0.31065069836472503,0.4000705913709227,0.39163631747706956,0.4571193743618018,0.3907208558802777,0.6187741265847982,0.2596367342092791
0.2862964144292748,0.2678077665021086,0.32808416996306367,0.3184384009172864,0.4341709852634306,0.43843177078255224,0.2328398641320574,0.3557050836115814,0.16518275306475166,0.2909360997787294,0.4283514145068304,0.2863603549041715,0.3907245583081133,0.586422660142026,0.40856399184863007,0.35996700502112766,0.5147140067314486,0.2300835241069464
0.2840158309103084,0.42259042317154566,0.36091281512832424,0.3197796601255538,0.4084680960300318,0.7092697791572257,0.2849377725745495,0.33978654478481823,0.17326460245633868,0.2891149594658621,0.5905949758443985,0.3565791080659136,0.41513860308967226,0.5776292604649853,0.46067153043620107,0.3664960741711135,0.39338646227786267,0.24472090429286666
0.26882444201075156,0.3450253910366406,0.34618108393040453,0.3212563841350205,0.45427594255140225,0.7234373323899764,0.29890143083193216,0.33131571624666156,0.17583333094317277,0.2677857944518149,0.5207999567117464,0.3983172040998555,0.4173598230192777,0.6067869709152625,0.5063593250653615,0.3771223353110854,0.4090815861073513,0.2650439341364165
0.3042352973767018,0.37364339947821557,0.30636646058413264,0.3126906999592573,0.32849836878503397,0.3094571601841756,0.2807481745282784,0.29870085914636707,0.17995348409776246,0.27643899516910897,0.4254763628224296,0.30369865116638833,0.37107289106729696,0.42985121803118326,0.48113862052981493,0.23534246106326429,0.3853282724874725,0.23250889581961948
0.3101202448886276,0.35675359115492306,0.37654683877499456,0.32635530771981236,0.3543854466534232,0.32338136734634865,0.36000765939226936,0.3448369330765184,0.18699313842236845,0.28230209990179705,0.38320490240751953,0.3620736130687103,0.34856591627217554,0.41533479265325735,0.5845738680169044,0.22206538299107303,0.4396116513454081,0.2712708704323574
0.3110695952396465,0.35726534855623215,0.40142173974430684,0.301540965082365,0.3229981343405678,0.2783743658142137,0.35659378955989585,0.3556178655792067,0.19845951441800036,0.2753392168037629,0.4173060429046098,0.3629938273624172,0.3377924438041702,0.3622578384230688,0.4581542101747427,0.2387965662916399,0.40617471009245876,0.26136176407922124
0.32157351319508337,0.38430746442253727,0.38892319784680696,0.31240433023799385,0.2936051067317462,0.32244056088820805,0.3784400636881809,0.3397641354968686,0.2444094113357045,0.29369435641617087,0.38025177984077346,0.3935351433521847,0.34456977192672994,0.35051769183470866,0.4327383567035072,0.3181496481049776,0.4463486673944235,0.25967786736278353
0.3013466788723886,0.36368767898424154,0.37053640743246835,0.3231493279769006,0.2964325389599918,0.29160271394805887,0.5031133206759463,0.3963287271736284,0.17005857293406343,0.291636351982173,0.3597354239002346,0.3644923779264527,0.3592970781947952,0.3414883560707836,0.3651472634192097,0.47082793588735966,0.41994708340499814,0.17918634239078565
0.28842330632416674,0.3954858142032222,0.35514683924153245,0.34684319916371376,0.3033690716949818,0.17439238677948024,0.508166719363339,0.32901179771123795,0.1787761059986001,0.2632010559862167,0.3994783739486215,0.37045948044520016,0.37688078626296373,0.31373778119999424,0.13458103725659756,0.41973182309362067,0.405022606836368,0.17609336006727772
0.30670176481435896,0.3900854704415253,0.3093578415987486,0.333328532135331,0.2316906417398636,0.369768843827023,0.38100331410562266,0.30731631681643173,0.1802956312292301,0.29391140777698593,0.41789103239355724,0.32704276606730615,0.3737321094304204,0.29602524266269076,0.2821366854925057,0.25945390651686145,0.3399146365741047,0.17782304988054162
0.3108443548637714,0.3868215787660871,0.3567014051981904,0.30925180188272716,0.27696635009878684,0.3760877936329843,0.28996438925708773,0.3074498502984566,0.1640949544178425,0.2829589678180633,0.4274283279745898,0.35476177385177593,0.36314545555804356,0.3354935931826777,0.28057891538649343,0.1869497087680987,0.4219631699244495,0.16894867426156354
0.2804187937308309,0.3799492008009735,0.3236315700173682,0.31838769841765197,0.31817880189969444,0.2605744087983562,0.28360154875439886,0.3048449609250136,0.23820954015034365,0.26562473989052443,0.3194495272835819,0.2954953215490951,0.36113290688817,0.437443963363698,0.23642577155813368,0.21855221337281103,0.3946155423059565,0.20539537619465853
0.30582940337024017,0.3727010442904627,0.3430688996433796,0.33369405669770325,0.31435219611453397,0.3859420125945139,0.3295833374189392,0.28163799577055165,0.1833312261001598,0.2939566466128199,0.39697232823870726,0.3168928017582494,0.36421834970299427,0.381736950389574,0.3729800467959843,0.20573229402117194,0.3963086255806534,0.24807226114100703
0.2850882805404436,0.2666766548075049,0.2995581761068881,0.3066730411106064,0.3196268782849309,0.32886734408219254,0.3395058884265731,0.28803869308027696,0.18533701674451963,0.2810255998929118,0.34499574685917644,0.24112123216755732,0.33823128519377277,0.279118644227712,0.24363053664860498,0.22270831877004876,0.37844632052084526,0.17924908400318634
0.2931971641477161,0.28354512974217555,0.3273825497493714,0.2828524311391226,0.33727519839884457,0.3768432377950084,0.33701538521632224,0.27598423111050324,0.20679230717644767,0.30934931007287375,0.3305357828332656,0.25627221258591254,0.3079721823892035,0.3202809507169039,0.27258648188042456,0.23588857778213157,0.4034195262029171,0.16318949843629352
0.3133901647588567,0.39494412966266584,0.337483652611102,0.2997757793746204,0.3086763399381739,0.31512555969109035,0.3884483348252314,0.2958644389593303,0.2554523388287473,0.3417324042702992,0.47742568933266877,0.28034303902132385,0.3219716861705344,0.3774891907074412,0.19491034353885311,0.2526202421333655,0.3662962814536201,0.2058135937019704
0.3011710618584142,0.45314546503054187,0.31908584268247564,0.2964089006894479,0.30646973284360174,0.19532878469789391,0.34505554301014296,0.30666975488567966,0.20939795305571532,0.29350077293558713,0.5816752491115573,0.2887640487118121,0.32627844816530427,0.3054977436752224,0.13468754336380293,0.2560323451541489,0.39224322403005024,0.2062595047217426
0.3047161430702374,0.4610894648132286,0.3285571615493966,0.3138668924540476,0.29989606786228085,0.3873833442656174,0.2907521737521917,0.2920151626272764,0.29189757588644916,0.2931819471770008,0.6282668653473324,0.32710237682519,0.34193078233484525,0.37836611745279713,0.2687545181835932,0.23402972724525717,0.35842530434089304,0.27839441845194773
0.2818138630586098,0.24970512388103347,0.3326754214411977,0.33055483143083175,0.24660365943252519,0.37142672189752707,0.2905515296555401,0.315436812085103,0.2613704645692251,0.2570081121242171,0.2517747702628016,0.33743259784856167,0.3721347534995331,0.29007563753785726,0.36040445252801706,0.18039512814283215,0.3475956206785904,0.2445924685667203
0.27624018189183913,0.24236184429384502,0.36013160865362925,0.34539153905545,0.2687020834207675,0.3713676123641989,0.2712018881044241,0.2983667835140966,0.26319515984044123,0.26126925150139874,0.24164784134828457,0.429188281449433,0.3725925804176494,0.2976368477873919,0.44631898882598064,0.21177832331681468,0.42007655425771495,0.25795320069298144
0.32771212353487456,0.22674002507737648,0.3792047966664311,0.3319679606921949,0.31506032144114177,0.38506457203075,0.27327299960969864,0.30701099832534634,0.2700704017905513,0.3141654790168312,0.2183977292829833,0.34953585712682617,0.3453607241809087,0.3898945237474857,0.38116318636773233,0.19268941015701316,0.4044757498186852,0.2216728253583552
0.3301770959943144,0.339215263145089,0.34030550413531946,0.3419568523671186,0.3380965476734538,0.21406829345998984,0.3681634659837025,0.27427508145885116,0.1997220853450663,0.3265908224647068,0.36452161545878303,0.386203193291963,0.34728782597372737,0.3975012283380507,0.21268838656627315,0.2986510378195303,0.3365664660468861,0.16107595552105286
0.3234027220181799,0.41206446554290377,0.3489115142921265,0.34790875412705224,0.3064073702709405,0.3325044272097399,0.3357305830504912,0.2559066816516167,0.2525438507717609,0.33712702578674913,0.44232908036765595,0.3588920141462816,0.36546081648647877,0.33803128025498475,0.27699910481302487,0.29590033400652027,0.3467611200957887,0.15311088679118262
0.3247556405253905,0.4244197527060468,0.3787368084300885,0.33961915105168294,0.3142183035050799,0.3435868662003799,0.35350567770389996,0.30353895449768326,0.20981774428403402,0.3062953914463367,0.4854325159660632,0.31688611799644584,0.3592753769196452,0.3924410745682986,0.30698609696720797,0.26879386447615944,0.4023879432542438,0.1795886687413874
0.29843251595190445,0.20924145492146604,0.36744572993129165,0.3265084104550753,0.33042633310322356,0.3595184272142292,0.3432907159878534,0.30366007894703223,0.15562379562091816,0.2711825532998011,0.2527160426181507,0.32322224020797274,0.37054878188255697,0.4348372451096975,0.2672911775873075,0.2950990757257128,0.3608497066911833,0.14409880554066887
0.30024771849297793,0.28712160609604365,0.4065031933993979,0.31808561733796814,0.35185398700490383,0.3459629665525115,0.3663579990136566,0.2737034145176131,0.24608633398959176,0.27785324309758774,0.2192111471446824,0.3254892479249542,0.3232183730790264,0.4221370589902451,0.3191824755705634,0.3199343066908823,0.3911787291670201,0.23389175816985652
0.311400417777668,0.3270199304426694,0.3336396670977597,0.34453920931007465,0.2724942951222283,0.37630923132902955,0.45489045966950997,0.2874677096086528,0.20219375397727365,0.29026986675682515,0.33519055783022805,0.3414673104872866,0.3828434447949371,0.4392335354643771,0.32518275186801116,0.42327216186871053,0.345888794894345,0.18875496436593267
0.3141085043931237,0.30389654167803604,0.3792912660211374,0.3304395489937048,0.31051139059931604,0.3559654238976559,0.5572068282960395,0.2992723071558153,0.21751059107080187,0.2982634279280297,0.3122632118583443,0.3597670402770221,0.36727613179362467,0.45394962447937187,0.25841850726927545,0.5660684619233037,0.361495554022456,0.1693540778306149
0.3121700564132601,0.2987319325771738,0.3562566976300954,0.33299963404788663,0.33207946052803655,0.35339692040573695,0.5598758617714791,0.2537358596947028,0.25819582255653695,0.29762376990973904,0.31395875489540104,0.3585149435775442,0.3671916807634659,0.4201824240231309,0.29074896349612744,0.4451390419952736,0.31092064167500755,0.18839805004109922
0.34111773310933324,0.19233187842387015,0.35899849691376123,0.3282909721478709,0.3458034080639291,0.3722035371922837,0.3739376905578416,0.292864925580792,0.22842445228441519,0.30699483735699407,0.2619039050496522,0.4854955487602026,0.37449023199228393,0.3700350768749102,0.3009699176762274,0.4578513112094911,0.3392077572839566,0.21323495401344064
0.309434287907272,0.29931051370985234,0.3441833508728427,0.310130306853961,0.32389112282313104,0.37468118484391233,0.3180301362673967,0.2872159544582365,0.2624253079039744,0.27631246028457973,0.34831481977121304,0.5855416827476394,0.335325561919896,0.38694704402218005,0.2510294710129363,0.38446075454001044,0.39051964000430545,0.24110909745033504
0.32193860483608555,0.2471742216402582,0.3639488075462279,0.3263826161410827,0.32412665102299093,0.35800376472391693,0.3404435222567585,0.3146230002545537,0.19343984523853938,0.28687820541030323,0.2437483647258696,0.6108708633567485,0.3543126939870124,0.4127510041663817,0.287941684157294,0.39448191836068264,0.35153811038746113,0.15598399783564731
0.2974317547302489,0.22290877261977302,0.3902455329030951,0.31233171073967914,0.2991243548672612,0.38449770447953063,0.4506457414565283,0.31506425813610034,0.250076885404913,0.28820075005640206,0.2152882600758771,0.5177265768267475,0.35093465054233663,0.377968538037364,0.29600765795836054,0.5549420194757261,0.31561006637095734,0.2005244098886518
0.30899071177889703,0.21703368590342553,0.34859236207767974,0.3133453989134788,0.34036979045554855,0.37297634412680164,0.5618065566844058,0.29290689474222137,0.19868012316005154,0.30448504854767217,0.21274017884148647,0.3744945645841596,0.3363149856054245,0.3583220447274719,0.3117193699869773,0.5434573985509971,0.36274952788207904,0.17071846074486507
0.32074227975210795,0.17370040705231218,0.3903224888745639,0.31781206104960885,0.3648212132937898,0.3899830301930926,0.4413530735648379,0.28623367994854293,0.19579126413475165,0.3002666795997685,0.14103036540365413,0.43046306802831297,0.3544518155200143,0.35732386784767184,0.33279449194986355,0.5874448989384367,0.34859835495320335,0.18715985974336286
0.29127111687937596,0.17924190066659484,0.3661074204905564,0.31060671913125654,0.35545488932616914,0.3650474697976723,0.4765327149353213,0.29504132701367763,0.2842302571484362,0.260571547453409,0.16522393385832607,0.37670119884781705,0.35686401019429986,0.2922498519667929,0.2813059419880191,0.6167982283462758,0.3618657310321717,0.23061686130606102
0.30101970565375125,0.18414941873537552,0.36871299942477687,0.311705037909688,0.36596982647140863,0.33505084230963667,0.3541026407372177,0.3252845789909152,0.3161167383201046,0.2664547923237643,0.16993657184546296,0.376645529199997,0.36422911036772776,0.3646818291520291,0.26098449567064136,0.43814505915189866,0.34018895040855157,0.22981456296398747
0.306733314285775,0.21170239907711105,0.36406912167627026,0.31819498618811054,0.33298500983594076,0.3502253860593217,0.35373819661633493,0.3179847157781446,0.3026982199725188,0.2768711528700989,0.1910573860610783,0.38083689810799026,0.3561014122260541,0.3967134658632621,0.302340403677149,0.43658599536177645,0.35076768954221144,0.22251777926341745
0.31742086579058193,0.0783985660539206,0.340607795375343,0.3260358000394751,0.35358326841208565,0.3460005940547075,0.43138445960821226,0.263276919487695,0.21346541213541045,0.29398289620930923,0.0501375617548869,0.31451447874302463,0.32551222077286657,0.3360585877528969,0.26120946821042756,0.614359332907823,0.34626872218946253,0.22059043507065182
0.29443991362021676,0.13246330481914684,0.32759269628600546,0.31734842295020804,0.3126049078657671,0.33897791080703177,0.3984020752444149,0.3123570040287126,0.2085162360511623,0.28189943863617256,0.1523745972501169,0.28202450497563497,0.3317505296762328,0.2975268479076989,0.28021768556433685,0.6082837601231449,0.35189382600597574,0.20734185069927552
0.2797664948646238,0.1747227453066165,0.35917379398195853,0.32877992195426925,0.32975179640061814,0.36367464601481575,0.3760715948687296,0.24824008297711336,0.2601219030891652,0.249954360372311,0.19765697296914062,0.3855756363874623,0.35487552320911936,0.3586317371760802,0.29818634648011305,0.629312243616919,0.2960531356408594,0.23918678654308556
0.29878382648870294,0.1501111526733514,0.3849417474533322,0.3501091280168919,0.3068207125609574,0.38102832428778666,0.40339618244578773,0.29236392221157786,0.2621865466339622,0.27361772143824914,0.1892628783910883,0.4091127955633196,0.3586123491192215,0.3772676820994778,0.30078114376800724,0.7398933962012799,0.3363496706389757,0.2437303620727075
0.27686371416380723,0.15347510264904343,0.32977179881682267,0.3573187187694915,0.3694244597032221,0.3289489643302763,0.3587640930693536,0.35229848635786576,0.20516399718597675,0.25655002723450787,0.1917493942360278,0.30235130679418426,0.356388978831357,0.3360387538319475,0.27507336397039067,0.6531402926853478,0.30555089555849374,0.18401895979100374
0.3172358962297955,0.13310611311270315,0.3337554796934296,0.311979086668015,0.33700105346183945,0.32832265743332256,0.42510665211000503,0.3431182094698079,0.2570010892064669,0.2902846264290342,0.17483063049957945,0.32781022821061406,0.33875827470820513,0.3314312798743855,0.1932624917028076,0.8668634377014554,0.31775539780298984,0.22012460076176182
0.3117984245531499,0.1133668369356603,0.20787099261540487,0.3121617940498361,0.3315647725155258,0.3503511935875472,0.3762108917520726,0.36124159454285454,0.2229892136258317,0.2974529595506062,0.10796740138932973,0.20564538971357563,0.34541914360946263,0.34650251057045234,0.27123162394983086,0.8274884240716818,0.35826874069813985,0.22077356052215372
0.3276014476525955,0.1635400732407022,0.2159622616950165,0.3413909105403058,0.3874832292591476,0.3604010835715011,0.3500680113322677,0.24771487321355304,0.2363543110504186,0.32493140544892046,0.1618278804145329,0.27498122737204483,0.3620734201670786,0.3700977254301264,0.27677019061829217,0.6846416388200753,0.34183749124352086,0.21768161725946916
0.2891045011575751,0.2246816841248132,0.24374466547223084,0.3588598453821431,0.31268339520595895,0.3858450725114221,0.33000984426729885,0.27589564669552524,0.21793889245583647,0.2812568869462606,0.28180674592897653,0.2532256155914579,0.36578606693460575,0.34507113914751253,0.31799561293790196,0.4523528388372964,0.412954113710346,0.20397015879431285
0.3052810400747446,0.18650337198768702,0.34219220493396263,0.3515272851335017,0.3424284006222451,0.3632526446961122,0.40266062284483356,0.2078034785704983,0.24273041187825384,0.31111014257360553,0.19198960099973567,0.3161333051354097,0.37025033462113915,0.34231011130215067,0.2609954539936212,0.5854232771517113,0.2939051407965645,0.23223530952988586
0.3169737465796968,0.20269029101415648,0.3332960477072608,0.3308852965611392,0.3286074976311217,0.4017770059937849,0.3327005225623768,0.2852376489173288,0.2379465575166126,0.31283840345766256,0.19702871539233088,0.33509423419733575,0.33693833061316286,0.48310786147008744,0.27278046475992224,0.5433634759399156,0.34031442531422373,0.20060114871756238
0.29593719787201844,0.21920849759329017,0.3505172572852729,0.3398764104057478,0.35694736905869756,0.36244338689936123,0.33543331734016135,0.271029950485534,0.24154259525507782,0.27756190143228554,0.23435008379877226,0.4038838276038238,0.3486072901404479,0.43406690423554944,0.29398185500229723,0.5748586645168873,0.3117434092348906,0.250867949277767
0.30597638469735255,0.4662193640799065,0.40031003439386625,0.3414301270822025,0.2989564554935257,0.3262203671517948,0.31781300736014656,0.304636729103373,0.21059600719981172,0.2625262783402293,0.5045477727810377,0.43018673101731253,0.3599450301591609,0.3165853450380259,0.2573448861164673,0.6058455263232085,0.3501258623738737,0.2757786362475027
0.29174684624809344,0.43914553227345104,0.3775907627218794,0.32573601334751084,0.3180615574475863,0.34464728532819633,0.3029280728262726,0.31712419053921975,0.21948657316627984,0.26547375194514256,0.4484340040374724,0.37091442649500406,0.36276236571478143,0.32452573292156645,0.27185160842555117,0.44521564150136406,0.31179851193273295,0.2539826493086811
0.31864870523447836,0.15565415399292443,0.37552060917107716,0.34172526433262385,0.31944543192845054,0.38010067303943756,0.007928611900884643,0.29937872268047194,0.24198466881542155,0.2974752299323267,0.1591221869003128,0.401758205414812,0.3835640117544802,0.29680116903690495,0.2793461604356693,0.0050487494547012774,0.34964286986051984,0.23961360754711433
0.3387914135972637,0.20779968659929188,0.4003174196873626,0.33274794647341405,0.3594597197295019,0.3706297886409904,0.20494184827359424,0.33118723583205567,0.20720176266132204,0.3003484112400398,0.2446485875314223,0.37644781842142927,0.37942118899809707,0.35370806431712615,0.21908401895301782,0.2617626387040181,0.37611734342176845,0.20239995331048583
0.3176599838037832,0.1379659900423605,0.36900357831542474,0.3352590495288286,0.2984363234528134,0.3304202428216411,0.30931601704717093,0.3414656272469604,0.2879580124918801,0.290267405238931,0.1551192643865139,0.28176964778064856,0.38157681152858786,0.28391693357887926,0.23403860571686225,0.385893337757466,0.3917426390560603,0.2521889400600416
0.2965337152743873,0.1424629091870026,0.40425730040423546,0.31933794003829014,0.3147905873861809,0.38046966343314365,0.2613049329583763,0.29788100230016834,0.25720205620180575,0.28033741177204,0.15097463771230923,0.3292197170137901,0.3616936325593658,0.25682679420172744,0.2716256746056886,0.27285764177517313,0.3299803206694837,0.2678609976960432
0.3031454318834073,0.12590467504002595,0.39137874347383983,0.32590000466538716,0.32476983429085376,0.3898821898389794,0.352814953234811,0.3523633686503237,0.2825733089719555,0.27943596430256934,0.12497694117317727,0.3406699004740924,0.35372606666680145,0.31468096560896713,0.26706849300726965,0.35129818163104765,0.368238456580738,0.26955581587227645
0.2820756584468273,0.19032554246442893,0.3874520941267916,0.3274217332976671,0.3079900540919166,0.36896427165059315,0.29226661225936307,0.33509998542534364,0.1793613961644684,0.26936024930910857,0.26697953532997304,0.29416660703871833,0.3888088272700609,0.3636396432224954,0.24934601343875845,0.35897847484351714,0.389967242826557,0.21508172392066335
0.30832377075391854,0.1653704037481472,0.30705678409477805,0.3298306564989381,0.2859276664512759,0.35257004992824226,0.3830819627984323,0.33939489768903985,0.17275433657341685,0.2969684057778392,0.18054542133060208,0.27513933692971665,0.38457076506737664,0.384146859528142,0.2779715839468343,0.48276154677374067,0.3353757532265911,0.25282911529357427
0.2939451933751262,0.17601273910166612,0.3604065740038856,0.3421687723485719,0.3464281059799922,0.3987511977879158,0.31304927792320414,0.3286058078173044,0.2269475040539531,0.28557667442962215,0.18311647396432879,0.3106829980740016,0.38550905017411596,0.3982740293078095,0.3368850141195695,0.4159514744222081,0.3765647826436263,0.3564363938423304
0.3154140555269562,0.12487666854373301,0.3520921442989506,0.31459822570053914,0.2795308478548812,0.3994283003547836,0.30650078345351595,0.30435302186192065,0.31271534714679106,0.3009735873854675,0.16888292405514946,0.30099996832317544,0.3596319360851519,0.27813962441673246,0.32326255945411825,0.45854332429451233,0.28020734564058414,0.3917823288563146
0.28765754659211773,0.21349830816629692,0.36061467881005965,0.3217609466573971,0.35804889159966546,0.3687791595927712,0.34638738082740433,0.3385157330916826,0.25270888544210685,0.26902700009732256,0.22960623673182606,0.3207346553349089,0.3507242082322618,0.36831885524958413,0.28730552876227433,0.47301656741885967,0.4295330677323365,0.25731454457956926
0.28682286541223395,0.39547591628060574,0.34270774544609284,0.32791217182650917,0.3653929836004338,0.348396158874062,0.3836242915561694,0.31136828938836303,0.18687852341483197,0.2733696171707878,0.45013489482184726,0.3135406600503889,0.3524777875793001,0.37776353527490625,0.2475174084774722,0.4749940259325392,0.3978244323211841,0.19770392647537224
0.30908972543497676,0.3526395258763621,0.36821941852789836,0.3203580349413838,0.3347651453718427,0.37241262270009495,0.32952568552181843,0.326661332469919,0.18990312365685763,0.29262698310451246,0.38873639675917254,0.2936490960158802,0.35240531854680207,0.30956213674121164,0.3818754660424248,0.4689126345447712,0.4325245517273094,0.1828969515995945
0.31808654367593703,0.1850954879691525,0.3813615130407583,0.32524914813683253,0.32172577536156466,0.3538958053658698,0.35178515000643035,0.27957141279697734,0.2621227923937275,0.29539179547202676,0.17933004772169686,0.27255336500018096,0.3467477231216077,0.33551270074685235,0.258496674422807,0.6136506768589721,0.3626369270168556,0.22916818778340317
0.2885691268126728,0.15960297159949022,0.3716244136768759,0.3163163136345962,0.30458609138889087,0.3466755287262448,0.34727498172917365,0.3615249829676289,0.1878638178756508,0.27273216852123155,0.17145863969934105,0.3083570619662944,0.33677811810233854,0.3588823630735086,0.25765281897802206,0.6147956026966259,0.43897023647244804,0.16459036179141562
0.31123197028721317,0.1683398226067885,0.3557956552657741,0.32594344511870244,0.3135287070243945,0.37332865766906415,0.3170510742075553,0.3689505677494204,0.2078492618822374,0.2878702690740482,0.18885496852738595,0.31365186550087054,0.34732649036817725,0.38762704549249605,0.29614162440210234,0.465167761463761,0.4225526114229806,0.19856580004605007
0.2833138489155031,0.17562274550540813,0.3553136882413643,0.33714909074573707,0.3262201480454929,0.401303452058478,0.31078044704244645,0.3314886914981032,0.22200011319503474,0.2603294519411654,0.19086978820207642,0.302620670145002,0.3425098957006174,0.3225598274708079,0.3104990016957619,0.5489769124963634,0.4172337177912892,0.20871747198390256
0.2823759655717585,0.13886459990760375,0.37399967350641755,0.3308210620874858,0.29147538109122656,0.3729035491462032,0.3591370939487893,0.37898332864124246,0.20037795951303713,0.2675451080312039,0.19459770547717964,0.2887843117031017,0.3412769763291255,0.32646202714041095,0.3011075996890468,0.625521678906708,0.41422216035983317,0.184590806032664
0.298951520395787,0.09772582461162908,0.3229925888526422,0.3152151723362347,0.3107445785247625,0.3436407346177639,0.33802501688096287,0.3379153060691498,0.1786733732423322,0.2767672269964193,0.17573275640302077,0.28565553366032714,0.3469098008281103,0.34383728686169046,0.3772658801877836,0.5233406921720675,0.37480087594520783,0.14555132949780564
0.2549483031281343,0.1467413009681437,0.3555065334051892,0.31938485378243275,0.3552469629542851,0.31395662254206047,0.32719051021766205,0.31659917341577243,0.2435369350265242,0.22517720025575377,0.19372902421800206,0.2656808473992982,0.3381734688724416,0.3437677399360845,0.26895196251788944,0.5499092859287632,0.37428772711743025,0.22778890995596937
0.28222680887401835,0.17643739559304056,0.3651239597391445,0.31425784637566645,0.27793455826740765,0.31115153394499967,0.3759673843599375,0.4037168798786012,0.2003341411631528,0.24062238492627425,0.19767243202681814,0.28336214541876803,0.3472853799333179,0.3764595119625003,0.2449796394616331,0.7495069168085113,0.3785966383886403,0.20907813242120937
0.2999467208628766,0.16900671860598307,0.35497865183012506,0.3210175929278527,0.33382972515010156,0.3944787450113488,0.3398863158735749,0.3249636367726522,0.26520916039670434,0.25945972749337604,0.18889984860874037,0.29463171376808056,0.35601910670571507,0.41056009373206964,0.4000357856189199,0.7673530660182794,0.35594977692850005,0.22296793438548065
0.3174554925969777,0.12834056159013343,0.3331394059702262,0.3295376152899693,0.30387412086575855,0.41407390893230833,0.3927673838262786,0.2866302196997407,0.2223576426073439,0.28833212398338753,0.16919926686022746,0.2999992344373276,0.3580778846237779,0.38012496477217056,0.3912207812353383,0.8646277736117117,0.32286847839785676,0.22322467158529685
0.28885416629313665,0.13477903745848963,0.414107173868529,0.31151371308675896,0.2645427982990112,0.4289901930446626,0.4211313828414829,0.32308997875593554,0.22662651296956707,0.24714075756408052,0.19531016774096518,0.38488208281028985,0.3490538829562034,0.38750090566174433,0.4352278030364641,1.1078312218097515,0.417778704867164,0.20403539334625637
0.31440044855342214,0.20652342013323408,0.4834053373408735,0.3033791918320487,0.3224527762308399,0.3669677948021997,0.46493986762880685,0.35048141674217503,0.26657629162536883,0.2778236598614436,0.22722175266055172,0.3948133019847719,0.34602703247540206,0.3481581952950738,0.6687619233098829,1.302831129823021,0.3612587839033316,0.2493749464899303
0.3071145627182583,0.21773784966507634,0.42631242273574704,0.31167650712483846,0.15523153769232684,0.35829389890862273,0.4831428227782386,0.3482081832164244,0.20635198649447425,0.27619307475195004,0.2402279332064101,0.3737809029035324,0.34483395737305567,0.18180088377493284,0.40430520696491645,1.4174794594384674,0.4316191295568937,0.1919469241433692
0.3119423939062773,0.2205397081097333,0.3797642014964524,0.315297996164375,0.2205432712285005,0.36183548761917583,0.44106834818738583,0.3028396608499203,0.21098787903346367,0.2752961429644258,0.227901202156193,0.2948766244478755,0.3416172379064657,0.28656417079060403,0.47651491194679396,1.1867064756175734,0.47491471485268716,0.22338412400873472
0.2812879955958083,0.1389238883768637,0.3689950131014936,0.3177406165260136,0.36315351603549756,0.33914907869766436,0.36982017495366765,0.3121730715823028,0.2763042078934174,0.2527158602264924,0.1549840351300141,0.33693400185108574,0.36244759483439176,0.4314482127993338,0.29997383365200575,0.8543253820606195,0.452347019357994,0.24961791798042177
0.28023319486757653,0.13780072858637119,0.32006598784285323,0.31540506408527963,0.3289351118821377,0.328487110705296,0.36293520306735033,0.3813165164572777,0.2832522717051186,0.24301937158737003,0.16372374630793338,0.32824631186479364,0.36050268233039506,0.3538612167735573,0.27288480279196575,0.7879828027424546,0.5748623356230188,0.20433247908786079
0.2799099425915138,0.16031673992712908,0.3820114334795353,0.31923991958660003,0.32121271006585045,0.3977525690307345,0.38198230035498515,0.33932989361908117,0.239854665143986,0.2773228493630907,0.16207389630020252,0.36313771929377103,0.35098362289041624,0.3482238907724349,0.23393295993149202,0.789592732938235,0.5461956804835321,0.21756084172576037
0.3139247500871652,0.1454189805510344,0.33766604836277553,0.32272137418130287,0.37336235254392997,0.36313502449153046,0.35313421936030626,0.3170951674177931,0.18197916357296853,0.29646573766556045,0.18538897584594785,0.34319954009581294,0.34705564669953853,0.36584729937584165,0.2687337665791938,0.8055462591826518,0.5544970638740975,0.17035090421957116
0.32111529906859676,0.13049164154379286,0.38403355802013056,0.3361385906173125,0.32045459616660166,0.38607976532152294,0.42008749431633147,0.37329506921209765,0.2325051242101065,0.29441137428502423,0.1801454263478644,0.35056590752250716,0.35386291855408397,0.3384496146859924,0.24846221026790377,0.8939342521486721,0.5165534027328795,0.23082806666591982
0.30680156092865496,0.11771388102708776,0.3508536172777881,0.31174338338799645,0.31573150910627845,0.41289571800949626,0.4101956215367212,0.3589738106446172,0.27724779811626254,0.2856532406467764,0.14627232095706613,0.3274027626338209,0.3270236851312671,0.3019608163716101,0.33384293282203015,0.8597262435873452,0.49526751290130605,0.21636164827569204
0.29391964638776186,0.12798374841767474,0.3290257730223683,0.30162090008043524,0.36502613754427143,0.35518623923335113,0.4040256428798623,0.3608700192897162,0.25663960986707324,0.260223670726729,0.1417961832177979,0.33897761486471845,0.3279140719149009,0.3579228792614592,0.30103637765349694,0.7969564043399625,0.47937384832424595,0.2053208040156973
0.32867753122630033,0.18864190473334747,0.3374598137605564,0.2996546841897099,0.32148030582295617,0.3467249364195389,0.3934033264012559,0.3119189241060722,0.25619635893330095,0.3031997583221016,0.22966524820642895,0.2929871820206987,0.32197527742872495,0.3086749532512271,0.3195121060914693,0.7816125903952627,0.42466234634789096,0.254113038179582
0.2973700220903464,0.28788887886761033,0.32393344372349975,0.2991427747025767,0.32748983056810116,0.3586393122669874,0.33440810544635446,0.29042762544258444,0.1858511360201218,0.26525208711649784,0.3025352622662526,0.32597931405534203,0.3014140599003371,0.34343413311364257,0.31147209869274467,0.7586988451258472,0.2977792618971739,0.206607718633602
0.27363423730733893,0.09656377001697157,0.35388568329294817,0.2989183342261467,0.2994380072999865,0.38185924360255996,0.4053780576873838,0.33884113926453036,0.21210898068380257,0.24814173965027111,0.09615566677857611,0.3609272796012867,0.3121512376996168,0.3116872002867611,0.2989420974818969,0.8085076831458703,0.3366667466467658,0.2245326027504603
0.3212200676503873,0.2183326780111449,0.3423317354563053,0.31081175277242407,0.34795123513616844,0.40575398534121304,0.2955883259482089,0.3217300792072219,0.1437071097926156,0.30768790226684856,0.24595681632251212,0.3419361595142035,0.3578706069180435,0.2823521409719303,0.22516849045861365,0.6173058262136053,0.3869115478624541,0.14605658946626635
0.3114716714512131,0.185332405816813,0.34372837276055573,0.3459714477913517,0.3345567201437616,0.3605227494583639,0.2680197610827997,0.3275529013652459,0.20637249766919924,0.26603868082240834,0.2454525187405114,0.3306159274769118,0.36995773724142617,0.3230723114248717,0.21635978850585677,0.5698927763693825,0.4581741540215171,0.18979564265764076
0.297327800879427,0.22849781528894814,0.32771879332513204,0.3232138379721302,0.4255789769014695,0.33539126313352263,0.27234618035707886,0.3566941285974538,0.2433852454788988,0.25833024306431235,0.22566224563161583,0.30971454454132036,0.3439506500921874,0.4035916083226318,0.2160173928574226,0.6096378782757622,0.3838420235897029,0.21817596760420943
0.2749191919049828,0.24908632722752927,0.3498776619991984,0.3111131001472492,0.45239771578118904,0.3892465499313251,0.30827534021641323,0.32771890492338607,0.16943697148293463,0.2524276912707678,0.2896010709967229,0.3721972557196152,0.3360645145201896,0.4591299301973152,0.3397073271042446,0.5633463332902914,0.34086954109661727,0.15638270456621436
0.2905920018994695,0.23845333144525863,0.35442699514951514,0.3267196032060882,0.36545454252491855,0.3801647869868953,0.2971860116492652,0.33693257135005067,0.26638695041533167,0.29579874500520364,0.2819555026574571,0.38127873316748295,0.3319120077108991,0.45634797111340536,0.33447720762300354,0.6010886282218921,0.3708211446348857,0.21404638180932606
0.2904406157983363,0.18708056726487846,0.36133853445463904,0.3034202421721396,0.3158280746538388,0.37290788093908084,0.3521776880574074,0.35201392371559065,0.25597158783963675,0.290295337887044,0.1992917063877083,0.370608086290802,0.3228400999523759,0.2906551307275292,0.34658632396474204,0.6854654168098883,0.348347544902133,0.2647977406000593
0.2963712561394425,0.14298866946422048,0.3548490974654916,0.3173351303023199,0.31605289253309676,0.37649061471580536,0.4402791977988336,0.3650426570846824,0.2498754974234534,0.26017905270269487,0.1905275642365154,0.3261719341016003,0.3372643649281785,0.35400356296219404,0.4996530288523205,0.8635633029800907,0.3395100759335076,0.26315135895834163
0.28385971433935253,0.12115818987215674,0.3966859213089696,0.31395929855766713,0.2773780757860908,0.33293060772312566,0.47614857492721363,0.3048076370145779,0.22459742027980006,0.27504741853400694,0.14099144902746882,0.37231204738826457,0.33904839642088935,0.2683378292312595,0.3902118811808267,0.8516117174626302,0.3955420922362863,0.2920133757988478
0.28149572800595907,0.16140189595917906,0.35755729599377906,0.3119100484377875,0.360280266256448,0.3145414294519959,0.45453506830964874,0.2918964060788796,0.21501067369632165,0.2699496468014645,0.23051501006894,0.32728371603057915,0.3344330702134684,0.39651573258739314,0.29782322709787934,0.7025029272245848,0.3871186376253372,0.2820763063788623
0.2854520241215941,0.23058691010945648,0.3390140455818093,0.31273653048338174,0.34927992274744624,0.37093454246619484,0.6179066180248008,0.2832945079307274,0.20401515142934631,0.25811689261462206,0.2764933521730337,0.32173539870588835,0.3682577330170944,0.2906333252012008,0.3892256801120721,0.7339469700189366,0.34231756877032155,0.25297485694059674
0.26763109514706984,0.20985120246087755,0.3149391795484718,0.32197458672311674,0.33465671681051434,0.3931847075901691,0.3818420705032357,0.33029820242856267,0.09604618909246067,0.24551619636385905,0.24434212259237467,0.2956749437136742,0.38789607140013,0.30845048952764953,0.3604577087197072,0.5944909811339242,0.37654745066828627,0.18252617899743487
0.27345213147466,0.244333093382051,0.34193945040406604,0.3171584214710009,0.38027426807206105,0.3667012479666102,0.4024742196613316,0.40392952079117894,0.1560435394799698,0.26416174587976976,0.25730434615276704,0.3219502574539139,0.3787917543836656,0.3661375534918445,0.31557289679322065,0.4958893079947091,0.39550577957583855,0.20566478432691557
0.2573713707661438,0.3798662196751823,0.35546189630489033,0.31315966317569505,0.38405551424834167,0.3838893730084429,0.29323834240698554,0.3839099257627154,0.23479157277180238,0.2709368705240799,0.39149558657620803,0.32185036344328166,0.3671951834405363,0.38681278025273846,0.3198812245129853,0.41597963402820004,0.4250336839163401,0.22560153434210337
0.251052769019368,0.29586290376128177,0.3394391917671474,0.32424370017368587,0.33445706459470637,0.35213864967907466,0.34797510972649703,0.3333688245107037,0.17457063340271192,0.23649600178304622,0.3158178688205788,0.3266387858834497,0.39034624232968396,0.3545506232844222,0.31516249983598954,0.39848908183924414,0.37035291627525113,0.17325081643299783
0.27195104206811344,0.1843681351482883,0.3501426898235645,0.3101978958473017,0.3066855654414507,0.3803873810279014,0.2783493601739437,0.41887983334217965,0.2040991340325199,0.2626884387598308,0.27351982788676493,0.39306236425168767,0.3656685494248784,0.2923331176325541,0.2268500417144276,0.33248849303262085,0.4445423063635156,0.18384280073039877
14,2,2,17,1,1,1,1,2
